c-ares,ares_cancel
c-ares,ares_create_query
c-ares,ares_destroy
c-ares,ares_destroy_options
c-ares,ares_dns_addr_to_ptr
c-ares,ares_dns_class_fromstr
c-ares,ares_dns_class_tostr
c-ares,ares_dns_opcode_tostr
c-ares,ares_dns_opt_get_datatype
c-ares,ares_dns_opt_get_name
c-ares,ares_dns_parse
c-ares,ares_dns_pton
c-ares,ares_dns_rcode_tostr
c-ares,ares_dns_rec_type_fromstr
c-ares,ares_dns_rec_type_tostr
c-ares,ares_dns_record_create
c-ares,ares_dns_record_destroy
c-ares,ares_dns_record_duplicate
c-ares,ares_dns_record_get_flags
c-ares,ares_dns_record_get_id
c-ares,ares_dns_record_get_opcode
c-ares,ares_dns_record_get_rcode
c-ares,ares_dns_record_query_add
c-ares,ares_dns_record_query_cnt
c-ares,ares_dns_record_query_get
c-ares,ares_dns_record_query_set_name
c-ares,ares_dns_record_query_set_type
c-ares,ares_dns_record_rr_add
c-ares,ares_dns_record_rr_cnt
c-ares,ares_dns_record_rr_del
c-ares,ares_dns_record_rr_get
c-ares,ares_dns_record_rr_get_const
c-ares,ares_dns_rr_get_addr6
c-ares,ares_dns_rr_get_addr
c-ares,ares_dns_rr_get_bin
c-ares,ares_dns_rr_get_class
c-ares,ares_dns_rr_get_keys
c-ares,ares_dns_rr_get_name
c-ares,ares_dns_rr_get_opt
c-ares,ares_dns_rr_get_opt_byid
c-ares,ares_dns_rr_get_opt_cnt
c-ares,ares_dns_rr_get_str
c-ares,ares_dns_rr_get_ttl
c-ares,ares_dns_rr_get_type
c-ares,ares_dns_rr_get_u16
c-ares,ares_dns_rr_get_u32
c-ares,ares_dns_rr_get_u8
c-ares,ares_dns_rr_key_datatype
c-ares,ares_dns_rr_key_to_rec_type
c-ares,ares_dns_rr_key_tostr
c-ares,ares_dns_rr_set_addr6
c-ares,ares_dns_rr_set_addr
c-ares,ares_dns_rr_set_bin
c-ares,ares_dns_rr_set_opt
c-ares,ares_dns_rr_set_str
c-ares,ares_dns_rr_set_u16
c-ares,ares_dns_rr_set_u32
c-ares,ares_dns_rr_set_u8
c-ares,ares_dns_section_tostr
c-ares,ares_dns_write
c-ares,ares_dup
c-ares,ares_expand_name
c-ares,ares_expand_string
c-ares,ares_fds
c-ares,ares_free_data
c-ares,ares_free_hostent
c-ares,ares_free_string
c-ares,ares_freeaddrinfo
c-ares,ares_get_servers
c-ares,ares_get_servers_csv
c-ares,ares_get_servers_ports
c-ares,ares_getaddrinfo
c-ares,ares_gethostbyaddr
c-ares,ares_gethostbyname
c-ares,ares_gethostbyname_file
c-ares,ares_getnameinfo
c-ares,ares_getsock
c-ares,ares_inet_ntop
c-ares,ares_inet_pton
c-ares,ares_init
c-ares,ares_init_options
c-ares,ares_library_cleanup
c-ares,ares_library_init
c-ares,ares_library_init_mem
c-ares,ares_library_initialized
c-ares,ares_mkquery
c-ares,ares_parse_a_reply
c-ares,ares_parse_aaaa_reply
c-ares,ares_parse_caa_reply
c-ares,ares_parse_mx_reply
c-ares,ares_parse_naptr_reply
c-ares,ares_parse_ns_reply
c-ares,ares_parse_ptr_reply
c-ares,ares_parse_soa_reply
c-ares,ares_parse_srv_reply
c-ares,ares_parse_txt_reply
c-ares,ares_parse_txt_reply_ext
c-ares,ares_parse_uri_reply
c-ares,ares_process
c-ares,ares_process_fd
c-ares,ares_query
c-ares,ares_query_dnsrec
c-ares,ares_queue_active_queries
c-ares,ares_queue_wait_empty
c-ares,ares_reinit
c-ares,ares_save_options
c-ares,ares_search
c-ares,ares_search_dnsrec
c-ares,ares_send
c-ares,ares_send_dnsrec
c-ares,ares_set_local_dev
c-ares,ares_set_local_ip4
c-ares,ares_set_local_ip6
c-ares,ares_set_server_state_callback
c-ares,ares_set_servers
c-ares,ares_set_servers_csv
c-ares,ares_set_servers_ports
c-ares,ares_set_servers_ports_csv
c-ares,ares_set_socket_callback
c-ares,ares_set_socket_configure_callback
c-ares,ares_set_socket_functions
c-ares,ares_set_sortlist
c-ares,ares_strerror
c-ares,ares_threadsafety
c-ares,ares_timeout
c-ares,ares_version
cjson,cJSON_AddArrayToObject
cjson,cJSON_AddBoolToObject
cjson,cJSON_AddFalseToObject
cjson,cJSON_AddItemReferenceToArray
cjson,cJSON_AddItemReferenceToObject
cjson,cJSON_AddItemToArray
cjson,cJSON_AddItemToObject
cjson,cJSON_AddItemToObjectCS
cjson,cJSON_AddNullToObject
cjson,cJSON_AddNumberToObject
cjson,cJSON_AddObjectToObject
cjson,cJSON_AddRawToObject
cjson,cJSON_AddStringToObject
cjson,cJSON_AddTrueToObject
cjson,cJSON_Compare
cjson,cJSON_CreateArray
cjson,cJSON_CreateArrayReference
cjson,cJSON_CreateBool
cjson,cJSON_CreateDoubleArray
cjson,cJSON_CreateFalse
cjson,cJSON_CreateFloatArray
cjson,cJSON_CreateIntArray
cjson,cJSON_CreateNull
cjson,cJSON_CreateNumber
cjson,cJSON_CreateObject
cjson,cJSON_CreateObjectReference
cjson,cJSON_CreateRaw
cjson,cJSON_CreateString
cjson,cJSON_CreateStringArray
cjson,cJSON_CreateStringReference
cjson,cJSON_CreateTrue
cjson,cJSON_Delete
cjson,cJSON_DeleteItemFromArray
cjson,cJSON_DeleteItemFromObject
cjson,cJSON_DeleteItemFromObjectCaseSensitive
cjson,cJSON_DetachItemFromArray
cjson,cJSON_DetachItemFromObject
cjson,cJSON_DetachItemFromObjectCaseSensitive
cjson,cJSON_DetachItemViaPointer
cjson,cJSON_Duplicate
cjson,cJSON_GetArrayItem
cjson,cJSON_GetArraySize
cjson,cJSON_GetErrorPtr
cjson,cJSON_GetNumberValue
cjson,cJSON_GetObjectItem
cjson,cJSON_GetObjectItemCaseSensitive
cjson,cJSON_GetStringValue
cjson,cJSON_HasObjectItem
cjson,cJSON_InitHooks
cjson,cJSON_InsertItemInArray
cjson,cJSON_IsArray
cjson,cJSON_IsBool
cjson,cJSON_IsFalse
cjson,cJSON_IsInvalid
cjson,cJSON_IsNull
cjson,cJSON_IsNumber
cjson,cJSON_IsObject
cjson,cJSON_IsRaw
cjson,cJSON_IsString
cjson,cJSON_IsTrue
cjson,cJSON_Minify
cjson,cJSON_Parse
cjson,cJSON_ParseWithLength
cjson,cJSON_ParseWithLengthOpts
cjson,cJSON_ParseWithOpts
cjson,cJSON_Print
cjson,cJSON_PrintBuffered
cjson,cJSON_PrintPreallocated
cjson,cJSON_PrintUnformatted
cjson,cJSON_ReplaceItemInArray
cjson,cJSON_ReplaceItemInObject
cjson,cJSON_ReplaceItemInObjectCaseSensitive
cjson,cJSON_ReplaceItemViaPointer
cjson,cJSON_SetNumberHelper
cjson,cJSON_SetValuestring
cjson,cJSON_Version
cjson,cJSON_free
cjson,cJSON_malloc
cpu_features,FillX86BrandString
cpu_features,GetX86CacheInfo
cpu_features,GetX86FeaturesEnumName
cpu_features,GetX86FeaturesEnumValue
cpu_features,GetX86Info
cpu_features,GetX86Microarchitecture
cpu_features,GetX86MicroarchitectureName
libaom,aom_codec_av1_cx
libaom,aom_codec_av1_dx
libaom,aom_codec_build_config
libaom,aom_codec_control
libaom,aom_codec_dec_init_ver
libaom,aom_codec_decode
libaom,aom_codec_destroy
libaom,aom_codec_enc_config_default
libaom,aom_codec_enc_config_set
libaom,aom_codec_enc_init_ver
libaom,aom_codec_encode
libaom,aom_codec_err_to_string
libaom,aom_codec_error
libaom,aom_codec_error_detail
libaom,aom_codec_get_caps
libaom,aom_codec_get_cx_data
libaom,aom_codec_get_frame
libaom,aom_codec_get_global_headers
libaom,aom_codec_get_preview_frame
libaom,aom_codec_get_stream_info
libaom,aom_codec_iface_name
libaom,aom_codec_peek_stream_info
libaom,aom_codec_set_cx_data_buf
libaom,aom_codec_set_frame_buffer_functions
libaom,aom_codec_set_option
libaom,aom_codec_version
libaom,aom_codec_version_extra_str
libaom,aom_codec_version_str
libaom,aom_img_add_metadata
libaom,aom_img_alloc
libaom,aom_img_alloc_with_border
libaom,aom_img_flip
libaom,aom_img_free
libaom,aom_img_get_metadata
libaom,aom_img_metadata_alloc
libaom,aom_img_metadata_free
libaom,aom_img_num_metadata
libaom,aom_img_plane_height
libaom,aom_img_plane_width
libaom,aom_img_remove_metadata
libaom,aom_img_set_rect
libaom,aom_img_wrap
libaom,aom_obu_type_to_string
libaom,aom_uleb_decode
libaom,aom_uleb_encode
libaom,aom_uleb_encode_fixed_size
libaom,aom_uleb_size_in_bytes
libhtp,LzmaDec_Allocate
libhtp,LzmaDec_AllocateProbs
libhtp,LzmaDec_DecodeToBuf
libhtp,LzmaDec_DecodeToDic
libhtp,LzmaDec_Free
libhtp,LzmaDec_FreeProbs
libhtp,LzmaDec_Init
libhtp,LzmaDecode
libhtp,LzmaProps_Decode
libhtp,bstr_add
libhtp,bstr_add_c
libhtp,bstr_add_c_noex
libhtp,bstr_add_mem
libhtp,bstr_add_mem_noex
libhtp,bstr_add_noex
libhtp,bstr_adjust_len
libhtp,bstr_adjust_realptr
libhtp,bstr_adjust_size
libhtp,bstr_alloc
libhtp,bstr_begins_with
libhtp,bstr_begins_with_c
libhtp,bstr_begins_with_c_nocase
libhtp,bstr_begins_with_mem
libhtp,bstr_begins_with_mem_nocase
libhtp,bstr_begins_with_nocase
libhtp,bstr_builder_append_c
libhtp,bstr_builder_append_mem
libhtp,bstr_builder_appendn
libhtp,bstr_builder_clear
libhtp,bstr_builder_create
libhtp,bstr_builder_destroy
libhtp,bstr_builder_size
libhtp,bstr_builder_to_str
libhtp,bstr_char_at
libhtp,bstr_char_at_end
libhtp,bstr_chop
libhtp,bstr_chr
libhtp,bstr_cmp
libhtp,bstr_cmp_c
libhtp,bstr_cmp_c_nocase
libhtp,bstr_cmp_c_nocasenorzero
libhtp,bstr_cmp_mem
libhtp,bstr_cmp_mem_nocase
libhtp,bstr_cmp_nocase
libhtp,bstr_dup
libhtp,bstr_dup_c
libhtp,bstr_dup_ex
libhtp,bstr_dup_lower
libhtp,bstr_dup_mem
libhtp,bstr_expand
libhtp,bstr_free
libhtp,bstr_index_of
libhtp,bstr_index_of_c
libhtp,bstr_index_of_c_nocase
libhtp,bstr_index_of_c_nocasenorzero
libhtp,bstr_index_of_mem
libhtp,bstr_index_of_mem_nocase
libhtp,bstr_index_of_nocase
libhtp,bstr_rchr
libhtp,bstr_to_lowercase
libhtp,bstr_util_cmp_mem
libhtp,bstr_util_cmp_mem_nocase
libhtp,bstr_util_cmp_mem_nocasenorzero
libhtp,bstr_util_mem_index_of_c
libhtp,bstr_util_mem_index_of_c_nocase
libhtp,bstr_util_mem_index_of_mem
libhtp,bstr_util_mem_index_of_mem_nocase
libhtp,bstr_util_mem_index_of_mem_nocasenorzero
libhtp,bstr_util_mem_to_pint
libhtp,bstr_util_mem_trim
libhtp,bstr_util_memdup_to_c
libhtp,bstr_util_strdup_to_c
libhtp,bstr_wrap_c
libhtp,bstr_wrap_mem
libhtp,htp_base64_decode
libhtp,htp_base64_decode_bstr
libhtp,htp_base64_decode_mem
libhtp,htp_base64_decode_single
libhtp,htp_base64_decoder_init
libhtp,htp_config_copy
libhtp,htp_config_create
libhtp,htp_config_destroy
libhtp,htp_config_get_user_data
libhtp,htp_config_register_log
libhtp,htp_config_register_multipart_parser
libhtp,htp_config_register_request_body_data
libhtp,htp_config_register_request_complete
libhtp,htp_config_register_request_file_data
libhtp,htp_config_register_request_header_data
libhtp,htp_config_register_request_headers
libhtp,htp_config_register_request_line
libhtp,htp_config_register_request_start
libhtp,htp_config_register_request_trailer
libhtp,htp_config_register_request_trailer_data
libhtp,htp_config_register_request_uri_normalize
libhtp,htp_config_register_response_body_data
libhtp,htp_config_register_response_complete
libhtp,htp_config_register_response_header_data
libhtp,htp_config_register_response_headers
libhtp,htp_config_register_response_line
libhtp,htp_config_register_response_start
libhtp,htp_config_register_response_trailer
libhtp,htp_config_register_response_trailer_data
libhtp,htp_config_register_transaction_complete
libhtp,htp_config_register_urlencoded_parser
libhtp,htp_config_set_allow_space_uri
libhtp,htp_config_set_backslash_convert_slashes
libhtp,htp_config_set_bestfit_map
libhtp,htp_config_set_bestfit_replacement_byte
libhtp,htp_config_set_compression_bomb_limit
libhtp,htp_config_set_compression_time_limit
libhtp,htp_config_set_control_chars_unwanted
libhtp,htp_config_set_convert_lowercase
libhtp,htp_config_set_extract_request_files
libhtp,htp_config_set_field_limits
libhtp,htp_config_set_log_level
libhtp,htp_config_set_lzma_layers
libhtp,htp_config_set_lzma_memlimit
libhtp,htp_config_set_max_tx
libhtp,htp_config_set_nul_encoded_terminates
libhtp,htp_config_set_nul_encoded_unwanted
libhtp,htp_config_set_nul_raw_terminates
libhtp,htp_config_set_nul_raw_unwanted
libhtp,htp_config_set_parse_request_auth
libhtp,htp_config_set_parse_request_cookies
libhtp,htp_config_set_path_separators_compress
libhtp,htp_config_set_path_separators_decode
libhtp,htp_config_set_path_separators_encoded_unwanted
libhtp,htp_config_set_plusspace_decode
libhtp,htp_config_set_request_decompression
libhtp,htp_config_set_requestline_leading_whitespace_unwanted
libhtp,htp_config_set_response_decompression
libhtp,htp_config_set_response_decompression_layer_limit
libhtp,htp_config_set_server_personality
libhtp,htp_config_set_tmpdir
libhtp,htp_config_set_tx_auto_destroy
libhtp,htp_config_set_u_encoding_decode
libhtp,htp_config_set_u_encoding_unwanted
libhtp,htp_config_set_url_encoding_invalid_handling
libhtp,htp_config_set_url_encoding_invalid_unwanted
libhtp,htp_config_set_user_data
libhtp,htp_config_set_utf8_convert_bestfit
libhtp,htp_config_set_utf8_invalid_unwanted
libhtp,htp_connp_clear_error
libhtp,htp_connp_close
libhtp,htp_connp_create
libhtp,htp_connp_destroy
libhtp,htp_connp_destroy_all
libhtp,htp_connp_get_connection
libhtp,htp_connp_get_in_tx
libhtp,htp_connp_get_last_error
libhtp,htp_connp_get_out_tx
libhtp,htp_connp_get_user_data
libhtp,htp_connp_open
libhtp,htp_connp_req_close
libhtp,htp_connp_req_data
libhtp,htp_connp_req_data_consumed
libhtp,htp_connp_res_data
libhtp,htp_connp_res_data_consumed
libhtp,htp_connp_set_user_data
libhtp,htp_connp_tx_create
libhtp,htp_connp_tx_freed
libhtp,htp_get_version
libhtp,htp_gzip_decompressor_create
libhtp,htp_gzip_decompressor_decompress
libhtp,htp_gzip_decompressor_destroy
libhtp,htp_hook_copy
libhtp,htp_hook_create
libhtp,htp_hook_destroy
libhtp,htp_hook_register
libhtp,htp_hook_run_all
libhtp,htp_hook_run_one
libhtp,htp_list_array_clear
libhtp,htp_list_array_create
libhtp,htp_list_array_destroy
libhtp,htp_list_array_get
libhtp,htp_list_array_init
libhtp,htp_list_array_pop
libhtp,htp_list_array_push
libhtp,htp_list_array_release
libhtp,htp_list_array_replace
libhtp,htp_list_array_shift
libhtp,htp_list_array_size
libhtp,htp_log
libhtp,htp_mpartp_create
libhtp,htp_mpartp_destroy
libhtp,htp_mpartp_finalize
libhtp,htp_mpartp_find_boundary
libhtp,htp_mpartp_get_multipart
libhtp,htp_mpartp_parse
libhtp,htp_table_add
libhtp,htp_table_addk
libhtp,htp_table_addn
libhtp,htp_table_clear
libhtp,htp_table_clear_ex
libhtp,htp_table_create
libhtp,htp_table_destroy
libhtp,htp_table_destroy_ex
libhtp,htp_table_get
libhtp,htp_table_get_c
libhtp,htp_table_get_index
libhtp,htp_table_get_mem
libhtp,htp_table_size
libhtp,htp_tx_create
libhtp,htp_tx_destroy
libhtp,htp_tx_get_is_config_shared
libhtp,htp_tx_get_user_data
libhtp,htp_tx_register_request_body_data
libhtp,htp_tx_register_response_body_data
libhtp,htp_tx_req_add_param
libhtp,htp_tx_req_get_param
libhtp,htp_tx_req_get_param_ex
libhtp,htp_tx_req_has_body
libhtp,htp_tx_req_process_body_data
libhtp,htp_tx_req_set_header
libhtp,htp_tx_req_set_headers_clear
libhtp,htp_tx_req_set_line
libhtp,htp_tx_req_set_method
libhtp,htp_tx_req_set_method_number
libhtp,htp_tx_req_set_parsed_uri
libhtp,htp_tx_req_set_protocol
libhtp,htp_tx_req_set_protocol_0_9
libhtp,htp_tx_req_set_protocol_number
libhtp,htp_tx_req_set_uri
libhtp,htp_tx_res_process_body_data
libhtp,htp_tx_res_set_header
libhtp,htp_tx_res_set_headers_clear
libhtp,htp_tx_res_set_protocol_number
libhtp,htp_tx_res_set_status_code
libhtp,htp_tx_res_set_status_line
libhtp,htp_tx_res_set_status_message
libhtp,htp_tx_set_config
libhtp,htp_tx_set_user_data
libhtp,htp_tx_state_request_complete
libhtp,htp_tx_state_request_headers
libhtp,htp_tx_state_request_line
libhtp,htp_tx_state_request_start
libhtp,htp_tx_state_response_complete
libhtp,htp_tx_state_response_headers
libhtp,htp_tx_state_response_line
libhtp,htp_tx_state_response_start
libhtp,htp_uri_alloc
libhtp,htp_uri_free
libhtp,htp_urldecode_inplace
libhtp,htp_urldecode_inplace_ex
libhtp,htp_urlenp_create
libhtp,htp_urlenp_destroy
libhtp,htp_urlenp_finalize
libhtp,htp_urlenp_parse_complete
libhtp,htp_urlenp_parse_partial
libhtp,htp_utf8_decode_allow_overlong
libpcap,bpf_dump
libpcap,bpf_filter
libpcap,bpf_image
libpcap,bpf_validate
libpcap,pcap_activate
libpcap,pcap_breakloop
libpcap,pcap_bufsize
libpcap,pcap_can_set_rfmon
libpcap,pcap_close
libpcap,pcap_compile
libpcap,pcap_compile_nopcap
libpcap,pcap_create
libpcap,pcap_createsrcstr
libpcap,pcap_datalink
libpcap,pcap_datalink_ext
libpcap,pcap_datalink_name_to_val
libpcap,pcap_datalink_val_to_description
libpcap,pcap_datalink_val_to_description_or_dlt
libpcap,pcap_datalink_val_to_name
libpcap,pcap_dispatch
libpcap,pcap_dump
libpcap,pcap_dump_close
libpcap,pcap_dump_file
libpcap,pcap_dump_flush
libpcap,pcap_dump_fopen
libpcap,pcap_dump_ftell64
libpcap,pcap_dump_ftell
libpcap,pcap_dump_open
libpcap,pcap_dump_open_append
libpcap,pcap_file
libpcap,pcap_fileno
libpcap,pcap_findalldevs
libpcap,pcap_findalldevs_ex
libpcap,pcap_fopen_offline
libpcap,pcap_fopen_offline_with_tstamp_precision
libpcap,pcap_free_datalinks
libpcap,pcap_free_tstamp_types
libpcap,pcap_freealldevs
libpcap,pcap_freecode
libpcap,pcap_get_required_select_timeout
libpcap,pcap_get_selectable_fd
libpcap,pcap_get_tstamp_precision
libpcap,pcap_geterr
libpcap,pcap_getnonblock
libpcap,pcap_init
libpcap,pcap_inject
libpcap,pcap_is_swapped
libpcap,pcap_lib_version
libpcap,pcap_list_datalinks
libpcap,pcap_list_tstamp_types
libpcap,pcap_lookupdev
libpcap,pcap_lookupnet
libpcap,pcap_loop
libpcap,pcap_major_version
libpcap,pcap_minor_version
libpcap,pcap_next
libpcap,pcap_next_ex
libpcap,pcap_offline_filter
libpcap,pcap_open
libpcap,pcap_open_dead
libpcap,pcap_open_dead_with_tstamp_precision
libpcap,pcap_open_live
libpcap,pcap_open_offline
libpcap,pcap_open_offline_with_tstamp_precision
libpcap,pcap_parsesrcstr
libpcap,pcap_perror
libpcap,pcap_sendpacket
libpcap,pcap_set_buffer_size
libpcap,pcap_set_datalink
libpcap,pcap_set_immediate_mode
libpcap,pcap_set_promisc
libpcap,pcap_set_protocol_linux
libpcap,pcap_set_rfmon
libpcap,pcap_set_snaplen
libpcap,pcap_set_timeout
libpcap,pcap_set_tstamp_precision
libpcap,pcap_set_tstamp_type
libpcap,pcap_setdirection
libpcap,pcap_setfilter
libpcap,pcap_setnonblock
libpcap,pcap_setsampling
libpcap,pcap_snapshot
libpcap,pcap_stats
libpcap,pcap_statustostr
libpcap,pcap_strerror
libpcap,pcap_tstamp_type_name_to_val
libpcap,pcap_tstamp_type_val_to_description
libpcap,pcap_tstamp_type_val_to_name
libtiff,LogL10fromY
libtiff,LogL10toY
libtiff,LogL16fromY
libtiff,LogL16toY
libtiff,LogLuv24fromXYZ
libtiff,LogLuv24toXYZ
libtiff,LogLuv32fromXYZ
libtiff,LogLuv32toXYZ
libtiff,TIFFAccessTagMethods
libtiff,TIFFCIELabToRGBInit
libtiff,TIFFCIELabToXYZ
libtiff,TIFFCheckTile
libtiff,TIFFCheckpointDirectory
libtiff,TIFFCleanup
libtiff,TIFFClientOpen
libtiff,TIFFClientOpenExt
libtiff,TIFFClientdata
libtiff,TIFFClose
libtiff,TIFFComputeStrip
libtiff,TIFFComputeTile
libtiff,TIFFCreateCustomDirectory
libtiff,TIFFCreateDirectory
libtiff,TIFFCreateEXIFDirectory
libtiff,TIFFCreateGPSDirectory
libtiff,TIFFCurrentDirOffset
libtiff,TIFFCurrentDirectory
libtiff,TIFFCurrentRow
libtiff,TIFFCurrentStrip
libtiff,TIFFCurrentTile
libtiff,TIFFDataWidth
libtiff,TIFFDefaultStripSize
libtiff,TIFFDefaultTileSize
libtiff,TIFFDeferStrileArrayWriting
libtiff,TIFFError
libtiff,TIFFErrorExt
libtiff,TIFFErrorExtR
libtiff,TIFFFdOpen
libtiff,TIFFFdOpenExt
libtiff,TIFFFieldDataType
libtiff,TIFFFieldIsAnonymous
libtiff,TIFFFieldName
libtiff,TIFFFieldPassCount
libtiff,TIFFFieldReadCount
libtiff,TIFFFieldSetGetCountSize
libtiff,TIFFFieldSetGetSize
libtiff,TIFFFieldTag
libtiff,TIFFFieldWithName
libtiff,TIFFFieldWithTag
libtiff,TIFFFieldWriteCount
libtiff,TIFFFileName
libtiff,TIFFFileno
libtiff,TIFFFindCODEC
libtiff,TIFFFindField
libtiff,TIFFFlush
libtiff,TIFFFlushData
libtiff,TIFFForceStrileArrayWriting
libtiff,TIFFFreeDirectory
libtiff,TIFFGetBitRevTable
libtiff,TIFFGetClientInfo
libtiff,TIFFGetCloseProc
libtiff,TIFFGetConfiguredCODECs
libtiff,TIFFGetField
libtiff,TIFFGetFieldDefaulted
libtiff,TIFFGetMapFileProc
libtiff,TIFFGetMode
libtiff,TIFFGetReadProc
libtiff,TIFFGetSeekProc
libtiff,TIFFGetSizeProc
libtiff,TIFFGetStrileByteCount
libtiff,TIFFGetStrileByteCountWithErr
libtiff,TIFFGetStrileOffset
libtiff,TIFFGetStrileOffsetWithErr
libtiff,TIFFGetTagListCount
libtiff,TIFFGetTagListEntry
libtiff,TIFFGetUnmapFileProc
libtiff,TIFFGetVersion
libtiff,TIFFGetWriteProc
libtiff,TIFFIsBigEndian
libtiff,TIFFIsBigTIFF
libtiff,TIFFIsByteSwapped
libtiff,TIFFIsCODECConfigured
libtiff,TIFFIsMSB2LSB
libtiff,TIFFIsTiled
libtiff,TIFFIsUpSampled
libtiff,TIFFLastDirectory
libtiff,TIFFMergeFieldInfo
libtiff,TIFFNumberOfDirectories
libtiff,TIFFNumberOfStrips
libtiff,TIFFNumberOfTiles
libtiff,TIFFOpen
libtiff,TIFFOpenExt
libtiff,TIFFOpenOptionsAlloc
libtiff,TIFFOpenOptionsFree
libtiff,TIFFOpenOptionsSetErrorHandlerExtR
libtiff,TIFFOpenOptionsSetMaxCumulatedMemAlloc
libtiff,TIFFOpenOptionsSetMaxSingleMemAlloc
libtiff,TIFFOpenOptionsSetWarningHandlerExtR
libtiff,TIFFPrintDirectory
libtiff,TIFFRGBAImageBegin
libtiff,TIFFRGBAImageEnd
libtiff,TIFFRGBAImageGet
libtiff,TIFFRGBAImageOK
libtiff,TIFFRasterScanlineSize64
libtiff,TIFFRasterScanlineSize
libtiff,TIFFRawStripSize64
libtiff,TIFFRawStripSize
libtiff,TIFFReadBufferSetup
libtiff,TIFFReadCustomDirectory
libtiff,TIFFReadDirectory
libtiff,TIFFReadEXIFDirectory
libtiff,TIFFReadEncodedStrip
libtiff,TIFFReadEncodedTile
libtiff,TIFFReadFromUserBuffer
libtiff,TIFFReadGPSDirectory
libtiff,TIFFReadRGBAImage
libtiff,TIFFReadRGBAImageOriented
libtiff,TIFFReadRGBAStrip
libtiff,TIFFReadRGBAStripExt
libtiff,TIFFReadRGBATile
libtiff,TIFFReadRGBATileExt
libtiff,TIFFReadRawStrip
libtiff,TIFFReadRawTile
libtiff,TIFFReadScanline
libtiff,TIFFReadTile
libtiff,TIFFRegisterCODEC
libtiff,TIFFReverseBits
libtiff,TIFFRewriteDirectory
libtiff,TIFFScanlineSize64
libtiff,TIFFScanlineSize
libtiff,TIFFSetClientInfo
libtiff,TIFFSetClientdata
libtiff,TIFFSetDirectory
libtiff,TIFFSetErrorHandler
libtiff,TIFFSetErrorHandlerExt
libtiff,TIFFSetField
libtiff,TIFFSetFileName
libtiff,TIFFSetFileno
libtiff,TIFFSetMode
libtiff,TIFFSetSubDirectory
libtiff,TIFFSetTagExtender
libtiff,TIFFSetWarningHandler
libtiff,TIFFSetWarningHandlerExt
libtiff,TIFFSetWriteOffset
libtiff,TIFFSetupStrips
libtiff,TIFFStripSize64
libtiff,TIFFStripSize
libtiff,TIFFSwabArrayOfDouble
libtiff,TIFFSwabArrayOfFloat
libtiff,TIFFSwabArrayOfLong8
libtiff,TIFFSwabArrayOfLong
libtiff,TIFFSwabArrayOfShort
libtiff,TIFFSwabArrayOfTriples
libtiff,TIFFSwabDouble
libtiff,TIFFSwabFloat
libtiff,TIFFSwabLong8
libtiff,TIFFSwabLong
libtiff,TIFFSwabShort
libtiff,TIFFTileRowSize64
libtiff,TIFFTileRowSize
libtiff,TIFFTileSize64
libtiff,TIFFTileSize
libtiff,TIFFUnRegisterCODEC
libtiff,TIFFUnlinkDirectory
libtiff,TIFFUnsetField
libtiff,TIFFVGetField
libtiff,TIFFVGetFieldDefaulted
libtiff,TIFFVSetField
libtiff,TIFFVStripSize64
libtiff,TIFFVStripSize
libtiff,TIFFVTileSize64
libtiff,TIFFVTileSize
libtiff,TIFFWarning
libtiff,TIFFWarningExt
libtiff,TIFFWarningExtR
libtiff,TIFFWriteBufferSetup
libtiff,TIFFWriteCheck
libtiff,TIFFWriteCustomDirectory
libtiff,TIFFWriteDirectory
libtiff,TIFFWriteEncodedStrip
libtiff,TIFFWriteEncodedTile
libtiff,TIFFWriteRawStrip
libtiff,TIFFWriteRawTile
libtiff,TIFFWriteScanline
libtiff,TIFFWriteTile
libtiff,TIFFXYZToRGB
libtiff,TIFFYCbCrToRGBInit
libtiff,TIFFYCbCrtoRGB
libtiff,XYZtoRGB24
libtiff,_TIFFcalloc
libtiff,_TIFFfree
libtiff,_TIFFmalloc
libtiff,_TIFFmemcmp
libtiff,_TIFFmemcpy
libtiff,_TIFFmemset
libtiff,_TIFFrealloc
libtiff,uv_decode
libtiff,uv_encode
libvpx,vpx_codec_build_config
libvpx,vpx_codec_control_
libvpx,vpx_codec_dec_init_ver
libvpx,vpx_codec_decode
libvpx,vpx_codec_destroy
libvpx,vpx_codec_enc_config_default
libvpx,vpx_codec_enc_config_set
libvpx,vpx_codec_enc_init_multi_ver
libvpx,vpx_codec_enc_init_ver
libvpx,vpx_codec_encode
libvpx,vpx_codec_err_to_string
libvpx,vpx_codec_error
libvpx,vpx_codec_error_detail
libvpx,vpx_codec_get_caps
libvpx,vpx_codec_get_cx_data
libvpx,vpx_codec_get_frame
libvpx,vpx_codec_get_global_headers
libvpx,vpx_codec_get_preview_frame
libvpx,vpx_codec_get_stream_info
libvpx,vpx_codec_iface_name
libvpx,vpx_codec_peek_stream_info
libvpx,vpx_codec_register_put_frame_cb
libvpx,vpx_codec_register_put_slice_cb
libvpx,vpx_codec_set_cx_data_buf
libvpx,vpx_codec_set_frame_buffer_functions
libvpx,vpx_codec_version
libvpx,vpx_codec_version_extra_str
libvpx,vpx_codec_version_str
libvpx,vpx_codec_vp8_dx
libvpx,vpx_codec_vp9_dx
libvpx,vpx_img_alloc
libvpx,vpx_img_flip
libvpx,vpx_img_free
libvpx,vpx_img_set_rect
libvpx,vpx_img_wrap
littlecms,_cmsICCcolorSpace
littlecms,_cmsLCMScolorSpace
littlecms,cmsAdaptToIlluminant
littlecms,cmsAllocNamedColorList
littlecms,cmsAllocProfileSequenceDescription
littlecms,cmsAppendNamedColor
littlecms,cmsBFDdeltaE
littlecms,cmsBuildGamma
littlecms,cmsBuildParametricToneCurve
littlecms,cmsBuildSegmentedToneCurve
littlecms,cmsBuildTabulatedToneCurve16
littlecms,cmsBuildTabulatedToneCurveFloat
littlecms,cmsCIE2000DeltaE
littlecms,cmsCIE94DeltaE
littlecms,cmsCIECAM02Done
littlecms,cmsCIECAM02Forward
littlecms,cmsCIECAM02Init
littlecms,cmsCIECAM02Reverse
littlecms,cmsCMCdeltaE
littlecms,cmsChangeBuffersFormat
littlecms,cmsChannelsOf
littlecms,cmsChannelsOfColorSpace
littlecms,cmsCloseIOhandler
littlecms,cmsCloseProfile
littlecms,cmsCreateBCHSWabstractProfile
littlecms,cmsCreateBCHSWabstractProfileTHR
littlecms,cmsCreateContext
littlecms,cmsCreateDeviceLinkFromCubeFile
littlecms,cmsCreateDeviceLinkFromCubeFileTHR
littlecms,cmsCreateExtendedTransform
littlecms,cmsCreateGrayProfile
littlecms,cmsCreateGrayProfileTHR
littlecms,cmsCreateInkLimitingDeviceLink
littlecms,cmsCreateInkLimitingDeviceLinkTHR
littlecms,cmsCreateLab2Profile
littlecms,cmsCreateLab2ProfileTHR
littlecms,cmsCreateLab4Profile
littlecms,cmsCreateLab4ProfileTHR
littlecms,cmsCreateLinearizationDeviceLink
littlecms,cmsCreateLinearizationDeviceLinkTHR
littlecms,cmsCreateMultiprofileTransform
littlecms,cmsCreateMultiprofileTransformTHR
littlecms,cmsCreateNULLProfile
littlecms,cmsCreateNULLProfileTHR
littlecms,cmsCreateProfilePlaceholder
littlecms,cmsCreateProofingTransform
littlecms,cmsCreateProofingTransformTHR
littlecms,cmsCreateRGBProfile
littlecms,cmsCreateRGBProfileTHR
littlecms,cmsCreateTransform
littlecms,cmsCreateTransformTHR
littlecms,cmsCreateXYZProfile
littlecms,cmsCreateXYZProfileTHR
littlecms,cmsCreate_OkLabProfile
littlecms,cmsCreate_sRGBProfile
littlecms,cmsCreate_sRGBProfileTHR
littlecms,cmsD50_XYZ
littlecms,cmsD50_xyY
littlecms,cmsDeleteContext
littlecms,cmsDeleteTransform
littlecms,cmsDeltaE
littlecms,cmsDesaturateLab
littlecms,cmsDetectBlackPoint
littlecms,cmsDetectDestinationBlackPoint
littlecms,cmsDetectRGBProfileGamma
littlecms,cmsDetectTAC
littlecms,cmsDictAddEntry
littlecms,cmsDictAlloc
littlecms,cmsDictDup
littlecms,cmsDictFree
littlecms,cmsDictGetEntryList
littlecms,cmsDictNextEntry
littlecms,cmsDoTransform
littlecms,cmsDoTransformLineStride
littlecms,cmsDoTransformStride
littlecms,cmsDupContext
littlecms,cmsDupNamedColorList
littlecms,cmsDupProfileSequenceDescription
littlecms,cmsDupToneCurve
littlecms,cmsEstimateGamma
littlecms,cmsEvalToneCurve16
littlecms,cmsEvalToneCurveFloat
littlecms,cmsFloat2LabEncoded
littlecms,cmsFloat2LabEncodedV2
littlecms,cmsFloat2XYZEncoded
littlecms,cmsFormatterForColorspaceOfProfile
littlecms,cmsFormatterForPCSOfProfile
littlecms,cmsFreeNamedColorList
littlecms,cmsFreeProfileSequenceDescription
littlecms,cmsFreeToneCurve
littlecms,cmsFreeToneCurveTriple
littlecms,cmsGBDAlloc
littlecms,cmsGBDFree
littlecms,cmsGDBAddPoint
littlecms,cmsGDBCheckPoint
littlecms,cmsGDBCompute
littlecms,cmsGetAlarmCodes
littlecms,cmsGetAlarmCodesTHR
littlecms,cmsGetColorSpace
littlecms,cmsGetContextUserData
littlecms,cmsGetDeviceClass
littlecms,cmsGetEncodedCMMversion
littlecms,cmsGetEncodedICCversion
littlecms,cmsGetHeaderAttributes
littlecms,cmsGetHeaderCreationDateTime
littlecms,cmsGetHeaderCreator
littlecms,cmsGetHeaderFlags
littlecms,cmsGetHeaderManufacturer
littlecms,cmsGetHeaderModel
littlecms,cmsGetHeaderProfileID
littlecms,cmsGetHeaderRenderingIntent
littlecms,cmsGetNamedColorList
littlecms,cmsGetPCS
littlecms,cmsGetPipelineContextID
littlecms,cmsGetPostScriptCRD
littlecms,cmsGetPostScriptCSA
littlecms,cmsGetPostScriptColorResource
littlecms,cmsGetProfileContextID
littlecms,cmsGetProfileIOhandler
littlecms,cmsGetProfileInfo
littlecms,cmsGetProfileInfoASCII
littlecms,cmsGetProfileInfoUTF8
littlecms,cmsGetProfileVersion
littlecms,cmsGetStageContextID
littlecms,cmsGetSupportedIntents
littlecms,cmsGetSupportedIntentsTHR
littlecms,cmsGetTagCount
littlecms,cmsGetTagSignature
littlecms,cmsGetToneCurveEstimatedTable
littlecms,cmsGetToneCurveEstimatedTableEntries
littlecms,cmsGetToneCurveParametricType
littlecms,cmsGetToneCurveSegment
littlecms,cmsGetTransformContextID
littlecms,cmsGetTransformInputFormat
littlecms,cmsGetTransformOutputFormat
littlecms,cmsIT8Alloc
littlecms,cmsIT8DefineDblFormat
littlecms,cmsIT8EnumDataFormat
littlecms,cmsIT8EnumProperties
littlecms,cmsIT8EnumPropertyMulti
littlecms,cmsIT8FindDataFormat
littlecms,cmsIT8Free
littlecms,cmsIT8GetData
littlecms,cmsIT8GetDataDbl
littlecms,cmsIT8GetDataRowCol
littlecms,cmsIT8GetDataRowColDbl
littlecms,cmsIT8GetPatchByName
littlecms,cmsIT8GetPatchName
littlecms,cmsIT8GetProperty
littlecms,cmsIT8GetPropertyDbl
littlecms,cmsIT8GetPropertyMulti
littlecms,cmsIT8GetSheetType
littlecms,cmsIT8LoadFromFile
littlecms,cmsIT8LoadFromMem
littlecms,cmsIT8SaveToFile
littlecms,cmsIT8SaveToMem
littlecms,cmsIT8SetComment
littlecms,cmsIT8SetData
littlecms,cmsIT8SetDataDbl
littlecms,cmsIT8SetDataFormat
littlecms,cmsIT8SetDataRowCol
littlecms,cmsIT8SetDataRowColDbl
littlecms,cmsIT8SetIndexColumn
littlecms,cmsIT8SetPropertyDbl
littlecms,cmsIT8SetPropertyHex
littlecms,cmsIT8SetPropertyMulti
littlecms,cmsIT8SetPropertyStr
littlecms,cmsIT8SetPropertyUncooked
littlecms,cmsIT8SetSheetType
littlecms,cmsIT8SetTable
littlecms,cmsIT8SetTableByLabel
littlecms,cmsIT8TableCount
littlecms,cmsIsCLUT
littlecms,cmsIsIntentSupported
littlecms,cmsIsMatrixShaper
littlecms,cmsIsTag
littlecms,cmsIsToneCurveDescending
littlecms,cmsIsToneCurveLinear
littlecms,cmsIsToneCurveMonotonic
littlecms,cmsIsToneCurveMultisegment
littlecms,cmsJoinToneCurve
littlecms,cmsLCh2Lab
littlecms,cmsLab2LCh
littlecms,cmsLab2XYZ
littlecms,cmsLabEncoded2Float
littlecms,cmsLabEncoded2FloatV2
littlecms,cmsLinkTag
littlecms,cmsMD5computeID
littlecms,cmsMLUalloc
littlecms,cmsMLUdup
littlecms,cmsMLUfree
littlecms,cmsMLUgetASCII
littlecms,cmsMLUgetTranslation
littlecms,cmsMLUgetUTF8
littlecms,cmsMLUgetWide
littlecms,cmsMLUsetASCII
littlecms,cmsMLUsetUTF8
littlecms,cmsMLUsetWide
littlecms,cmsMLUtranslationsCodes
littlecms,cmsMLUtranslationsCount
littlecms,cmsNamedColorCount
littlecms,cmsNamedColorIndex
littlecms,cmsNamedColorInfo
littlecms,cmsOpenIOhandlerFromFile
littlecms,cmsOpenIOhandlerFromMem
littlecms,cmsOpenIOhandlerFromNULL
littlecms,cmsOpenIOhandlerFromStream
littlecms,cmsOpenProfileFromFile
littlecms,cmsOpenProfileFromFileTHR
littlecms,cmsOpenProfileFromIOhandler2THR
littlecms,cmsOpenProfileFromIOhandlerTHR
littlecms,cmsOpenProfileFromMem
littlecms,cmsOpenProfileFromMemTHR
littlecms,cmsOpenProfileFromStream
littlecms,cmsOpenProfileFromStreamTHR
littlecms,cmsPipelineAlloc
littlecms,cmsPipelineCat
littlecms,cmsPipelineCheckAndRetreiveStages
littlecms,cmsPipelineDup
littlecms,cmsPipelineEval16
littlecms,cmsPipelineEvalFloat
littlecms,cmsPipelineEvalReverseFloat
littlecms,cmsPipelineFree
littlecms,cmsPipelineGetPtrToFirstStage
littlecms,cmsPipelineGetPtrToLastStage
littlecms,cmsPipelineInputChannels
littlecms,cmsPipelineInsertStage
littlecms,cmsPipelineOutputChannels
littlecms,cmsPipelineSetSaveAs8bitsFlag
littlecms,cmsPipelineStageCount
littlecms,cmsPipelineUnlinkStage
littlecms,cmsPlugin
littlecms,cmsPluginTHR
littlecms,cmsReadRawTag
littlecms,cmsReadTag
littlecms,cmsReverseToneCurve
littlecms,cmsReverseToneCurveEx
littlecms,cmsSaveProfileToFile
littlecms,cmsSaveProfileToIOhandler
littlecms,cmsSaveProfileToMem
littlecms,cmsSaveProfileToStream
littlecms,cmsSetAdaptationState
littlecms,cmsSetAdaptationStateTHR
littlecms,cmsSetAlarmCodes
littlecms,cmsSetAlarmCodesTHR
littlecms,cmsSetColorSpace
littlecms,cmsSetDeviceClass
littlecms,cmsSetEncodedICCversion
littlecms,cmsSetHeaderAttributes
littlecms,cmsSetHeaderFlags
littlecms,cmsSetHeaderManufacturer
littlecms,cmsSetHeaderModel
littlecms,cmsSetHeaderProfileID
littlecms,cmsSetHeaderRenderingIntent
littlecms,cmsSetLogErrorHandler
littlecms,cmsSetLogErrorHandlerTHR
littlecms,cmsSetPCS
littlecms,cmsSetProfileVersion
littlecms,cmsSliceSpace16
littlecms,cmsSliceSpaceFloat
littlecms,cmsSmoothToneCurve
littlecms,cmsStageAllocCLut16bit
littlecms,cmsStageAllocCLut16bitGranular
littlecms,cmsStageAllocCLutFloat
littlecms,cmsStageAllocCLutFloatGranular
littlecms,cmsStageAllocIdentity
littlecms,cmsStageAllocMatrix
littlecms,cmsStageAllocToneCurves
littlecms,cmsStageData
littlecms,cmsStageDup
littlecms,cmsStageFree
littlecms,cmsStageInputChannels
littlecms,cmsStageNext
littlecms,cmsStageOutputChannels
littlecms,cmsStageSampleCLut16bit
littlecms,cmsStageSampleCLutFloat
littlecms,cmsStageType
littlecms,cmsTagLinkedTo
littlecms,cmsTempFromWhitePoint
littlecms,cmsTransform2DeviceLink
littlecms,cmsUnregisterPlugins
littlecms,cmsUnregisterPluginsTHR
littlecms,cmsWhitePointFromTemp
littlecms,cmsWriteRawTag
littlecms,cmsWriteTag
littlecms,cmsXYZ2Lab
littlecms,cmsXYZ2xyY
littlecms,cmsXYZEncoded2Float
littlecms,cmsfilelength
littlecms,cmsstrcasecmp
littlecms,cmsxyY2XYZ
minijail,minijail_add_fs_restriction_access_rights
minijail,minijail_add_fs_restriction_advanced_rw
minijail,minijail_add_fs_restriction_edit
minijail,minijail_add_fs_restriction_ro
minijail,minijail_add_fs_restriction_rw
minijail,minijail_add_fs_restriction_rx
minijail,minijail_add_hook
minijail,minijail_add_minimalistic_mountns_fs_rules
minijail,minijail_add_remount
minijail,minijail_add_to_cgroup
minijail,minijail_bind
minijail,minijail_capbset_drop
minijail,minijail_change_gid
minijail,minijail_change_group
minijail,minijail_change_uid
minijail,minijail_change_user
minijail,minijail_close_open_fds
minijail,minijail_copy_jail
minijail,minijail_create_session
minijail,minijail_destroy
minijail,minijail_disable_fs_restrictions
minijail,minijail_enable_default_fs_restrictions
minijail,minijail_enter
minijail,minijail_enter_chroot
minijail,minijail_enter_pivot_root
minijail,minijail_fork
minijail,minijail_forward_signals
minijail,minijail_get_enable_default_runtime
minijail,minijail_get_original_path
minijail,minijail_gidmap
minijail,minijail_inherit_usergroups
minijail,minijail_is_fs_restriction_available
minijail,minijail_is_fs_restriction_ruleset_initialized
minijail,minijail_keep_supplementary_gids
minijail,minijail_kill
minijail,minijail_log_seccomp_filter_failures
minijail,minijail_log_to_fd
minijail,minijail_mount
minijail,minijail_mount_dev
minijail,minijail_mount_tmp
minijail,minijail_mount_tmp_size
minijail,minijail_mount_with_data
minijail,minijail_namespace_cgroups
minijail,minijail_namespace_enter_net
minijail,minijail_namespace_enter_vfs
minijail,minijail_namespace_ipc
minijail,minijail_namespace_net
minijail,minijail_namespace_net_loopback
minijail,minijail_namespace_pids
minijail,minijail_namespace_pids_rw_proc
minijail,minijail_namespace_set_hostname
minijail,minijail_namespace_user
minijail,minijail_namespace_user_disable_setgroups
minijail,minijail_namespace_uts
minijail,minijail_namespace_vfs
minijail,minijail_new
minijail,minijail_new_session_keyring
minijail,minijail_no_new_privs
minijail,minijail_parse_seccomp_filters
minijail,minijail_parse_seccomp_filters_from_fd
minijail,minijail_preserve_fd
minijail,minijail_remount_mode
minijail,minijail_remount_proc_readonly
minijail,minijail_reset_signal_handlers
minijail,minijail_reset_signal_mask
minijail,minijail_rlimit
minijail,minijail_run
minijail,minijail_run_as_init
minijail,minijail_run_env
minijail,minijail_run_env_pid_pipes
minijail,minijail_run_env_pid_pipes_no_preload
minijail,minijail_run_fd_env_pid_pipes
minijail,minijail_run_no_preload
minijail,minijail_run_pid
minijail,minijail_run_pid_pipes
minijail,minijail_run_pid_pipes_no_preload
minijail,minijail_run_pipe
minijail,minijail_set_ambient_caps
minijail,minijail_set_enable_default_runtime
minijail,minijail_set_enable_new_sessions
minijail,minijail_set_enable_profile_fs_restrictions
minijail,minijail_set_preload_path
minijail,minijail_set_seccomp_filter_allow_speculation
minijail,minijail_set_seccomp_filter_tsync
minijail,minijail_set_seccomp_filters
minijail,minijail_set_supplementary_gids
minijail,minijail_set_using_minimalistic_mountns
minijail,minijail_skip_remount_private
minijail,minijail_skip_setting_securebits
minijail,minijail_syscall_name
minijail,minijail_uidmap
minijail,minijail_use_alt_syscall
minijail,minijail_use_caps
minijail,minijail_use_seccomp
minijail,minijail_use_seccomp_filter
minijail,minijail_wait
minijail,minijail_write_pid_file
pthreadpool,pthreadpool_compute_1d
pthreadpool,pthreadpool_compute_1d_tiled
pthreadpool,pthreadpool_compute_2d
pthreadpool,pthreadpool_compute_2d_tiled
pthreadpool,pthreadpool_compute_3d_tiled
pthreadpool,pthreadpool_compute_4d_tiled
pthreadpool,pthreadpool_create
pthreadpool,pthreadpool_destroy
pthreadpool,pthreadpool_get_threads_count
pthreadpool,pthreadpool_parallelize_1d
pthreadpool,pthreadpool_parallelize_1d_tile_1d
pthreadpool,pthreadpool_parallelize_1d_with_uarch
pthreadpool,pthreadpool_parallelize_2d
pthreadpool,pthreadpool_parallelize_2d_tile_1d
pthreadpool,pthreadpool_parallelize_2d_tile_2d
pthreadpool,pthreadpool_parallelize_2d_tile_2d_with_uarch
pthreadpool,pthreadpool_parallelize_3d
pthreadpool,pthreadpool_parallelize_3d_tile_1d
pthreadpool,pthreadpool_parallelize_3d_tile_2d
pthreadpool,pthreadpool_parallelize_3d_tile_2d_with_uarch
pthreadpool,pthreadpool_parallelize_4d
pthreadpool,pthreadpool_parallelize_4d_tile_1d
pthreadpool,pthreadpool_parallelize_4d_tile_2d
pthreadpool,pthreadpool_parallelize_4d_tile_2d_with_uarch
pthreadpool,pthreadpool_parallelize_5d
pthreadpool,pthreadpool_parallelize_5d_tile_1d
pthreadpool,pthreadpool_parallelize_5d_tile_2d
pthreadpool,pthreadpool_parallelize_6d
pthreadpool,pthreadpool_parallelize_6d_tile_1d
pthreadpool,pthreadpool_parallelize_6d_tile_2d
zlib,adler32
zlib,adler32_combine64
zlib,adler32_combine
zlib,adler32_z
zlib,compress2
zlib,compress
zlib,compressBound
zlib,crc32
zlib,crc32_combine64
zlib,crc32_combine
zlib,crc32_combine_gen64
zlib,crc32_combine_gen
zlib,crc32_combine_op
zlib,crc32_z
zlib,deflate
zlib,deflateBound
zlib,deflateCopy
zlib,deflateEnd
zlib,deflateGetDictionary
zlib,deflateInit2_
zlib,deflateInit_
zlib,deflateParams
zlib,deflatePending
zlib,deflatePrime
zlib,deflateReset
zlib,deflateResetKeep
zlib,deflateSetDictionary
zlib,deflateSetHeader
zlib,deflateTune
zlib,get_crc_table
zlib,gzbuffer
zlib,gzclearerr
zlib,gzclose
zlib,gzclose_r
zlib,gzclose_w
zlib,gzdirect
zlib,gzdopen
zlib,gzeof
zlib,gzerror
zlib,gzflush
zlib,gzfread
zlib,gzfwrite
zlib,gzgetc
zlib,gzgetc_
zlib,gzgets
zlib,gzoffset64
zlib,gzoffset
zlib,gzopen64
zlib,gzopen
zlib,gzprintf
zlib,gzputc
zlib,gzputs
zlib,gzread
zlib,gzrewind
zlib,gzseek64
zlib,gzseek
zlib,gzsetparams
zlib,gztell64
zlib,gztell
zlib,gzungetc
zlib,gzvprintf
zlib,gzwrite
zlib,inflate
zlib,inflateBack
zlib,inflateBackEnd
zlib,inflateBackInit_
zlib,inflateCodesUsed
zlib,inflateCopy
zlib,inflateEnd
zlib,inflateGetDictionary
zlib,inflateGetHeader
zlib,inflateInit2_
zlib,inflateInit_
zlib,inflateMark
zlib,inflatePrime
zlib,inflateReset2
zlib,inflateReset
zlib,inflateResetKeep
zlib,inflateSetDictionary
zlib,inflateSync
zlib,inflateSyncPoint
zlib,inflateUndermine
zlib,inflateValidate
zlib,uncompress2
zlib,uncompress
zlib,zError
zlib,zlibCompileFlags
zlib,zlibVersion
